{"cameraMode":{"drawMode":0,"name":"Shaded","section":"Shading Mode"},"sceneLighting":true,"audioPlay":false,"sceneViewState":{"m_AlwaysRefresh":false,"showFog":true,"showSkybox":true,"showFlares":true,"showImageEffects":true,"showParticleSystems":true,"showVisualEffectGraphs":true,"m_FxEnabled":true},"in2DMode":false,"pivot":{"x":26.73145294189453,"y":18.95447540283203,"z":30.205074310302736},"rotation":{"x":0.005762150511145592,"y":-0.9939263463020325,"z":0.09150432795286179,"w":0.061803895980119708},"size":44.43409729003906,"orthographic":false}